,City,Latitude,Longitude,Max Temp.,Humidity,Cloudiness,Wind Speed,Country,Date
0,winfield,37.2398,-96.9956,18.0,86,90,14.97,US,1612914849
1,new norfolk,-42.7826,147.0587,64.99,52,9,1.99,AU,1612914849
2,bandipur,27.9333,84.4167,46.17,83,79,1.74,NP,1612914849
3,mataura,-46.1927,168.8643,50.13,93,100,9.48,NZ,1612914849
4,bluff,-46.6,168.3333,53.87,92,100,15.48,NZ,1612914849
5,tabou,4.423,-7.3528,78.96,87,86,5.12,CI,1612914850
6,jamestown,42.097,-79.2353,19.99,79,90,4.61,US,1612914576
7,puerto ayora,-0.7393,-90.3518,79.0,89,58,1.01,EC,1612914850
8,wanaka,-44.7,169.15,55.71,60,97,2.21,NZ,1612914850
9,barrow,71.2906,-156.7887,-25.6,68,1,16.11,US,1612914850
10,lavrentiya,65.5833,-171.0,-10.39,79,0,14.94,RU,1612914850
11,tasiilaq,65.6145,-37.6368,14.0,67,90,12.66,GL,1612914850
12,ponta do sol,32.6667,-17.1,57.99,70,69,1.01,PT,1612914850
13,port hawkesbury,45.6169,-61.3485,19.4,68,20,9.22,CA,1612914850
14,vaini,-21.2,-175.2,77.0,100,90,21.85,TO,1612914851
15,rawson,-43.3002,-65.1023,69.03,53,100,24.02,AR,1612914851
16,kaitangata,-46.2817,169.8464,57.0,87,100,4.0,NZ,1612914851
17,kieta,-6.2167,155.6333,84.54,75,57,9.06,PG,1612914851
18,port moresby,-9.4431,147.1797,84.2,74,40,17.27,PG,1612914851
19,kralendijk,12.15,-68.2667,78.8,73,0,12.66,BQ,1612914851
20,punta arenas,-53.15,-70.9167,68.0,56,0,8.05,CL,1612914731
21,nikolskoye,59.7035,30.7861,3.99,84,100,2.24,RU,1612914851
22,rikitea,-23.1203,-134.9692,79.2,69,34,5.35,PF,1612914852
23,albany,42.6001,-73.9662,24.01,75,85,4.18,US,1612914751
24,nushki,29.5542,66.0215,47.61,52,0,0.47,PK,1612914852
25,goure,13.9835,10.2704,68.18,21,0,8.66,NE,1612914852
26,hami,42.8,93.45,33.15,79,54,6.42,CN,1612914852
27,lata,40.1629,-8.3327,57.0,91,87,11.01,PT,1612914852
28,hobart,-42.8794,147.3294,64.99,48,20,5.75,AU,1612914656
29,alofi,-19.0595,-169.9187,84.2,79,75,9.22,NU,1612914853
30,saint-pierre,-21.3393,55.4781,78.8,65,0,2.3,RE,1612914853
31,avarua,-21.2078,-159.775,86.0,70,20,5.75,CK,1612914853
32,krasnogorsk,55.8225,37.3181,8.6,78,75,13.42,RU,1612914709
33,arraial do cabo,-22.9661,-42.0278,74.52,84,66,4.92,BR,1612914681
34,lamar,33.6668,-95.5836,30.2,93,90,12.66,US,1612914853
35,sri aman,1.2376,111.4621,75.2,100,100,0.25,MY,1612914854
36,belyy yar,53.6039,91.3903,5.0,66,0,6.71,RU,1612914854
37,la asuncion,11.0333,-63.8628,75.15,83,27,13.69,VE,1612914854
38,bredasdorp,-34.5322,20.0403,59.0,88,36,2.3,ZA,1612914854
39,ribeira grande,38.5167,-28.7,60.44,86,100,15.75,PT,1612914854
40,vagur,61.4732,-6.8119,37.65,76,45,16.71,FO,1612914854
41,cape town,-33.9258,18.4232,69.01,77,0,17.27,ZA,1612914742
42,adamas,36.7333,24.4333,60.8,82,1,13.8,GR,1612914854
43,rosetta,31.4044,30.4164,60.8,94,40,4.61,EG,1612914855
44,shingu,33.7333,135.9833,42.8,52,20,11.5,JP,1612914855
45,norman wells,65.282,-126.8329,-34.6,67,20,9.22,CA,1612914855
46,flin flon,54.7682,-101.865,-16.6,63,90,5.75,CA,1612914855
47,kadirli,37.3739,36.0961,55.0,77,0,11.99,TR,1612914855
48,constitucion,-35.3333,-72.4167,61.48,87,10,2.89,CL,1612914855
49,vardo,70.3705,31.1107,17.6,86,75,14.97,NO,1612914855
50,pevek,69.7008,170.3133,-4.31,74,0,2.82,RU,1612914855
51,simao,22.7886,100.9748,41.09,94,2,1.9,CN,1612914856
52,hasaki,35.7333,140.8333,41.0,45,75,5.75,JP,1612914856
53,shenjiamen,29.9576,122.298,50.36,82,100,8.9,CN,1612914856
54,kavieng,-2.5744,150.7967,84.13,77,99,9.57,PG,1612914856
55,atuona,-9.8,-139.0333,79.68,72,51,16.89,PF,1612914856
56,faanui,-16.4833,-151.75,82.26,72,0,12.3,PF,1612914856
57,mwinilunga,-11.7358,24.4293,62.83,96,99,5.32,ZM,1612914856
58,busselton,-33.65,115.3333,60.01,84,57,1.99,AU,1612914856
59,yellowknife,62.456,-114.3525,-2.99,77,75,12.66,CA,1612914857
60,mantua,45.1667,10.7833,46.99,95,100,5.99,IT,1612914857
61,port alfred,-33.5906,26.891,68.0,94,18,3.38,ZA,1612914857
62,timra,62.487,17.3257,19.0,86,90,10.36,SE,1612914857
63,harnosand,62.6323,17.9379,19.0,86,90,10.36,SE,1612914857
64,mar del plata,-38.0023,-57.5575,66.2,82,75,13.8,AR,1612914857
65,oksfjord,70.2396,22.3479,21.2,93,90,2.3,NO,1612914857
66,te anau,-45.4167,167.7167,52.83,79,99,5.73,NZ,1612914753
67,yerofey pavlovich,53.9667,121.9667,-2.88,91,15,2.28,RU,1612914858
68,clyde river,70.4692,-68.5914,-0.4,92,20,5.75,CA,1612914858
69,khatanga,71.9667,102.5,-14.1,85,1,7.47,RU,1612914858
70,hermanus,-34.4187,19.2345,65.39,88,9,8.95,ZA,1612914858
71,matara,5.9485,80.5353,72.1,89,76,7.14,LK,1612914858
72,zaraza,9.3503,-65.3245,76.84,61,95,10.29,VE,1612914858
73,saint-philippe,-21.3585,55.7679,78.8,65,0,2.3,RE,1612914858
74,cidreira,-30.1811,-50.2056,74.75,81,3,18.9,BR,1612914256
75,ucluelet,48.9329,-125.5528,43.0,60,20,4.61,CA,1612914648
76,nagina,29.45,78.45,56.79,56,100,1.52,IN,1612914677
77,iralaya,15.0,-83.2333,82.4,74,20,10.33,HN,1612914859
78,gualaquiza,-3.4,-78.55,68.2,88,99,0.11,EC,1612914859
79,guarapari,-20.6667,-40.4975,78.01,94,40,5.53,BR,1612914859
80,harper,4.375,-7.7169,79.34,86,100,4.97,LR,1612914859
81,severodvinsk,64.5635,39.8302,-4.0,84,90,3.4,RU,1612914859
82,porosozero,62.7191,32.727,-5.55,91,0,1.79,RU,1612914859
83,kawalu,-7.3817,108.2082,74.32,88,78,1.16,ID,1612914859
84,chuy,-33.6971,-53.4616,67.14,88,0,5.66,UY,1612914859
85,east london,-33.0153,27.9116,70.86,83,0,1.61,ZA,1612914860
86,kahului,20.8947,-156.47,77.0,50,40,16.11,US,1612914848
87,palmer,42.1584,-72.3287,24.8,86,90,3.8,US,1612914803
88,kodiak,57.79,-152.4072,33.8,86,90,5.91,US,1612914860
89,lorengau,-2.0226,147.2712,84.76,72,100,5.88,PG,1612914860
90,leningradskiy,69.3833,178.4167,-25.6,83,25,11.1,RU,1612914860
91,taoudenni,22.6783,-3.9836,65.17,24,0,9.71,ML,1612914860
92,inta,66.0317,60.1659,-28.07,85,50,6.98,RU,1612914861
93,klaksvik,62.2266,-6.589,28.4,74,95,9.22,FO,1612914861
94,huarmey,-10.0681,-78.1522,72.34,79,20,6.62,PE,1612914861
95,cabo san lucas,22.8909,-109.9124,73.0,60,1,14.97,MX,1612914780
96,ushuaia,-54.8,-68.3,69.8,68,40,2.3,AR,1612914820
97,gold coast,-28.0,153.4333,79.0,69,75,10.36,AU,1612914861
98,mandera,3.9366,41.867,78.48,30,40,10.09,KE,1612914861
99,rondonopolis,-16.4708,-54.6356,78.03,59,35,4.21,BR,1612914861
100,kapaa,22.0752,-159.319,73.4,46,1,14.97,US,1612914862
101,richards bay,-28.783,32.0377,75.27,90,90,2.8,ZA,1612914862
102,buala,-8.145,159.5921,79.74,86,79,12.48,SB,1612914862
103,comodoro rivadavia,-45.8667,-67.5,75.2,53,0,6.91,AR,1612914679
104,castro,-24.7911,-50.0119,60.4,89,93,6.55,BR,1612914862
105,sitka,57.0531,-135.33,17.6,45,1,17.27,US,1612914862
106,port hedland,-20.3167,118.5667,84.2,74,53,10.36,AU,1612914862
107,vestmannaeyjar,63.4427,-20.2734,38.61,75,100,12.35,IS,1612914862
108,saint george,37.1041,-113.5841,62.01,21,20,3.44,US,1612914654
109,qasigiannguit,68.8193,-51.1922,17.6,49,0,4.61,GL,1612914863
110,biltine,14.5333,20.9167,64.0,27,29,11.27,TD,1612914863
111,mangrol,21.1167,70.1167,67.35,51,79,10.65,IN,1612914863
112,cockburn town,21.4612,-71.1419,75.2,83,40,6.91,TC,1612914863
113,mizdah,31.4451,12.9801,53.31,40,1,3.0,LY,1612914863
114,kirakira,-10.4544,161.9205,84.52,74,91,5.7,SB,1612914863
115,churapcha,62.0025,132.4325,-22.95,84,20,3.71,RU,1612914864
116,dingle,10.9995,122.6711,78.12,88,89,3.85,PH,1612914864
117,loei,17.4167,101.5,60.8,100,90,1.48,TH,1612914864
118,egvekinot,66.3167,-179.1667,-12.24,77,44,9.48,RU,1612914864
119,vila velha,-20.3297,-40.2925,78.01,94,40,5.55,BR,1612914864
120,noyabrsk,63.1994,75.4507,-15.2,89,100,11.14,RU,1612914864
121,taltal,-25.4,-70.4833,67.14,73,27,5.03,CL,1612914864
122,nakatsugawa,35.4833,137.5,43.0,66,36,1.83,JP,1612914865
123,pekan,3.4836,103.3996,77.0,88,20,2.3,MY,1612914865
124,butaritari,3.0707,172.7902,81.59,81,79,14.03,KI,1612914865
125,sebinkarahisar,40.2883,38.4236,32.58,93,11,5.7,TR,1612914865
126,falam,22.9167,93.6833,47.14,61,0,1.43,MM,1612914865
127,mecca,21.4267,39.8261,72.28,49,0,1.43,SA,1612914865
128,lakatoro,-16.0999,167.4164,84.56,62,45,2.01,VU,1612914865
129,georgetown,5.4112,100.3354,78.8,88,20,1.14,MY,1612914865
130,shahrud,36.4182,54.9763,43.66,62,60,1.63,IR,1612914866
131,padang,-0.9492,100.3543,75.2,94,20,3.44,ID,1612914866
132,karratha,-20.7377,116.8463,84.7,45,1,19.64,AU,1612914866
133,manokwari,-0.8667,134.0833,80.8,78,100,5.19,ID,1612914866
134,longyearbyen,78.2186,15.6401,17.6,86,75,3.44,SJ,1612914866
135,narsaq,60.9167,-46.05,33.8,29,20,36.82,GL,1612914786
136,thompson,55.7435,-97.8558,-23.8,69,75,4.61,CA,1612914866
137,saskylakh,71.9167,114.0833,-24.48,83,0,9.06,RU,1612914866
138,qaanaaq,77.484,-69.3632,14.31,72,0,2.55,GL,1612914220
139,pisco,-13.7,-76.2167,77.0,69,0,21.85,PE,1612914867
140,junction city,39.0286,-96.8314,15.8,57,90,6.91,US,1612914867
141,rapid valley,44.0625,-103.1463,1.99,65,1,3.94,US,1612914802
142,dikson,73.5069,80.5464,-29.6,86,97,10.2,RU,1612914867
143,carnarvon,-24.8667,113.6333,75.2,94,75,19.57,AU,1612914867
144,pierre,44.3683,-100.351,8.6,47,1,9.22,US,1612914867
145,saldanha,-33.0117,17.9442,66.2,77,0,14.97,ZA,1612914868
146,hofn,64.2539,-15.2082,32.18,98,100,8.79,IS,1612914868
147,bambous virieux,-20.3428,57.7575,77.0,83,40,8.9,MU,1612914868
148,akyab,20.15,92.9,64.02,58,12,7.61,MM,1612914868
149,ngunguru,-35.6167,174.5,72.0,92,100,4.0,NZ,1612914868
150,kedrovyy,56.1667,91.8167,3.2,60,0,6.71,RU,1612914868
151,hualmay,-11.0964,-77.6139,72.27,78,44,6.49,PE,1612914869
152,tautira,-17.7333,-149.15,77.0,83,75,10.36,PF,1612914869
153,yining,29.0361,114.5636,49.98,90,100,3.06,CN,1612914869
154,komarikhinskiy,58.0979,57.1163,-16.6,69,0,8.95,RU,1612914869
155,peniche,39.3558,-9.3811,57.99,83,85,24.0,PT,1612914615
156,nome,64.5011,-165.4064,-0.4,46,1,17.27,US,1612914869
157,polewali,-3.4324,119.3435,81.77,63,71,1.14,ID,1612914869
158,port elizabeth,-33.918,25.5701,66.2,94,0,5.75,ZA,1612914870
159,vershino-darasunskiy,52.35,115.5167,4.28,96,100,4.09,RU,1612914870
160,srednekolymsk,67.45,153.6833,-10.93,88,0,7.31,RU,1612914870
161,taunggyi,20.7833,97.0333,45.61,88,0,1.68,MM,1612914870
162,moree,-29.4667,149.85,78.8,41,40,6.91,AU,1612914870
163,wajir,1.7471,40.0573,76.23,68,35,14.2,KE,1612914870
164,dodge city,37.7528,-100.0171,12.2,85,90,8.05,US,1612914870
165,jalu,29.0331,21.5482,58.05,33,100,6.4,LY,1612914870
166,upernavik,72.7868,-56.1549,9.97,75,11,1.32,GL,1612914871
167,isangel,-19.55,169.2667,86.0,66,40,8.05,VU,1612914871
168,bondo,3.8146,23.6866,65.62,28,73,0.58,CD,1612914871
169,hamilton,39.1834,-84.5333,28.0,79,98,3.0,US,1612914871
170,viedma,-40.8135,-62.9967,68.0,60,34,1.01,AR,1612914871
171,lauterbach,50.6333,9.4,7.0,91,33,5.1,DE,1612914871
172,zimnicea,43.6667,25.3667,50.0,72,99,1.99,RO,1612914871
173,san cristobal,7.7669,-72.225,82.4,65,40,8.05,VE,1612914872
174,zhanaozen,43.3,52.8,38.08,76,100,13.85,KZ,1612914872
175,inirida,3.8653,-67.9239,76.41,92,100,1.74,CO,1612914872
176,newport,51.5877,-2.9984,30.99,82,63,24.34,GB,1612914872
177,tuktoyaktuk,69.4541,-133.0374,-38.2,74,20,8.05,CA,1612914872
178,vysokaya gora,55.9128,49.3017,-2.2,78,0,6.71,RU,1612914872
179,agadez,19.75,10.25,59.61,28,3,2.01,NE,1612914872
180,wuzhou,23.4833,111.3167,54.99,92,100,3.94,CN,1612914872
181,sistranda,63.7256,8.834,21.2,86,20,10.36,NO,1612914873
182,rio verde de mato grosso,-18.9181,-54.8442,76.17,51,75,7.23,BR,1612914873
183,yar,58.249,52.1026,-21.35,86,0,2.08,RU,1612914873
184,homer,59.6425,-151.5483,26.01,74,90,8.05,US,1612914873
185,airai,-8.9266,125.4092,67.93,91,100,2.44,TL,1612914873
186,nikel,69.4128,30.222,15.8,92,75,12.66,RU,1612914873
187,boyolangu,-8.1181,111.8935,77.59,83,84,0.94,ID,1612914873
188,walvis bay,-22.9575,14.5053,68.0,82,56,4.61,NA,1612914873
189,muzhi,65.3667,64.6667,-26.28,79,0,3.29,RU,1612914874
190,puerto ayacucho,5.6639,-67.6236,84.61,53,81,11.59,VE,1612914874
191,grindavik,63.8424,-22.4338,32.0,93,90,6.91,IS,1612914874
192,esperance,-33.8667,121.9,60.8,82,0,5.75,AU,1612914874
193,marzuq,14.4,46.4667,52.97,64,40,3.74,YE,1612914874
194,lahij,13.1667,44.5833,68.7,81,57,5.28,YE,1612914874
195,seydi,39.4816,62.9137,53.38,55,89,11.36,TM,1612914874
196,arlit,18.7369,7.3853,70.38,19,16,10.54,NE,1612914875
197,provideniya,64.3833,-173.3,-0.4,65,0,29.08,RU,1612914875
198,seminole,28.7086,-81.2081,73.99,68,1,9.22,US,1612914707
199,hilo,19.7297,-155.09,71.6,78,90,12.66,US,1612914875
200,chokurdakh,70.6333,147.9167,-14.13,87,11,3.0,RU,1612914875
201,san joaquin,37.9333,-121.3011,64.4,52,90,8.05,US,1612914875
202,urumqi,43.801,87.6005,24.8,93,75,4.47,CN,1612914876
203,lagoa,39.05,-27.9833,58.86,88,100,9.75,PT,1612914876
204,bathsheba,13.2167,-59.5167,77.0,69,40,16.11,BB,1612914876
205,grand gaube,-20.0064,57.6608,75.0,82,4,3.0,MU,1612914876
206,bowen,-20.0167,148.2333,82.4,65,75,11.5,AU,1612914876
207,katsuura,35.1333,140.3,45.0,36,75,2.3,JP,1612914876
208,moerai,-22.4333,-151.3333,81.7,64,17,9.42,PF,1612914876
209,atar,20.5169,-13.0499,63.64,27,1,8.01,MR,1612914876
210,holme,56.1138,10.1725,24.8,93,90,13.8,DK,1612914877
211,tuatapere,-46.1333,167.6833,52.41,91,100,11.12,NZ,1612914877
212,berlevag,70.8578,29.0864,22.23,87,100,18.92,NO,1612914877
213,santa isabel do rio negro,-0.4139,-65.0192,78.82,83,96,2.17,BR,1612914877
214,chipinge,-20.1883,32.6236,64.89,89,99,2.24,ZW,1612914877
215,lodja,-3.4833,23.4333,75.78,69,100,0.31,CD,1612914877
216,mahebourg,-20.4081,57.7,77.0,83,40,9.24,MU,1612914227
217,teguise,29.0605,-13.564,60.8,88,20,5.75,ES,1612914878
218,okhotsk,59.3833,143.3,14.79,91,100,21.85,RU,1612914878
219,ilebo,-4.3167,20.5833,74.32,81,100,2.21,CD,1612914878
220,college,64.8569,-147.8028,-16.6,58,20,4.61,US,1612914878
221,codrington,-38.2667,141.9667,75.0,48,0,5.44,AU,1612914878
222,sembe,1.6481,14.5806,73.85,78,92,5.61,CG,1612914878
223,diamantino,-14.4086,-56.4461,76.12,61,8,2.37,BR,1612914879
224,soyo,-6.1349,12.3689,78.58,82,100,1.19,AO,1612914879
225,victoria,22.2855,114.1577,63.0,88,99,1.99,HK,1612914879
226,bac lieu,9.285,105.7244,75.99,88,67,7.31,VN,1612914879
227,bilibino,68.0546,166.4372,-4.61,87,0,2.98,RU,1612914879
228,port blair,11.6667,92.75,73.53,68,6,10.69,IN,1612914879
229,itarema,-2.9248,-39.9167,77.29,88,100,4.59,BR,1612914879
230,hithadhoo,-0.6,73.0833,81.84,81,55,14.23,MV,1612914879
231,shelburne,44.0787,-80.2041,19.4,63,75,6.91,CA,1612914879
232,ostrovnoy,68.0531,39.5131,4.3,92,93,16.64,RU,1612914880
233,ancud,-41.8697,-73.8203,75.2,43,0,4.61,CL,1612914880
234,itaueira,-7.6033,-43.0256,72.95,93,100,1.88,BR,1612914880
235,hailey,43.5196,-114.3153,35.6,44,1,9.22,US,1612914880
236,ponta delgada,37.7333,-25.6667,61.0,94,75,14.97,PT,1612914880
237,nouadhibou,20.931,-17.0347,62.6,82,0,16.11,MR,1612914880
238,iqaluit,63.7506,-68.5145,3.2,85,20,0.74,CA,1612914880
239,lucapa,-8.4192,20.7447,66.99,97,100,2.91,AO,1612914745
240,port hardy,50.6996,-127.4199,35.6,64,75,6.91,CA,1612914881
241,lensk,60.7253,114.9278,9.07,93,100,2.89,RU,1612914881
242,aswan,24.0934,32.907,65.01,46,23,8.41,EG,1612914881
243,peachtree city,33.3968,-84.5958,64.4,68,90,2.46,US,1612914881
244,havelock,34.8791,-76.9013,61.0,94,75,3.44,US,1612914881
245,narrabri,-30.3167,149.7833,78.01,49,90,5.75,AU,1612914882
246,akdepe,42.0551,59.3788,39.2,52,0,11.5,TM,1612914882
247,dukat,62.55,155.55,2.66,92,63,9.62,RU,1612914882
248,nanakuli,21.3906,-158.1547,78.8,41,20,11.5,US,1612914882
249,bubaque,11.2833,-15.8333,77.38,68,95,15.86,GW,1612914882
250,nanortalik,60.1432,-45.2371,26.78,87,53,16.04,GL,1612914882
251,merauke,-8.4667,140.3333,81.82,80,100,10.94,ID,1612914882
252,namatanai,-3.6667,152.4333,83.91,73,97,4.41,PG,1612914883
253,nara,34.6851,135.8049,45.0,70,40,2.3,JP,1612914862
254,komsomolskiy,40.4272,71.7189,46.4,76,100,4.61,UZ,1612914883
255,port lincoln,-34.7333,135.8667,76.75,46,14,9.33,AU,1612914883
256,mount isa,-20.7333,139.5,86.0,66,40,6.91,AU,1612914883
257,talnakh,69.4865,88.3972,-8.72,88,96,0.98,RU,1612914883
258,rawlins,41.7911,-107.2387,35.01,55,90,23.02,US,1612914810
259,ilulissat,69.2167,-51.1,17.6,49,0,4.61,GL,1612914883
260,pingliang,35.5392,106.6861,33.82,87,0,3.06,CN,1612914884
261,gat,31.61,34.7642,57.0,82,0,3.44,IL,1612914842
262,labuhan,-6.8844,112.2051,79.3,83,97,8.1,ID,1612914884
263,brae,60.3964,-1.353,32.99,84,14,5.48,GB,1612914884
264,yenotayevka,47.2456,47.0281,33.01,99,100,1.01,RU,1612914884
265,capitan bado,-23.2667,-55.5333,69.3,81,97,5.46,PY,1612914884
266,port-cartier,50.0334,-66.8654,7.0,51,20,10.36,CA,1612914884
267,urubicha,-15.3833,-62.95,72.88,95,100,3.22,BO,1612914884
268,sinnai,39.3042,9.2036,59.0,77,20,6.91,IT,1612914885
269,mikuni,36.2171,136.1519,35.6,93,75,5.75,JP,1612914885
270,palma del rio,37.7002,-5.2812,57.2,88,90,13.8,ES,1612914885
271,trebon,49.0036,14.7707,27.0,88,87,1.01,CZ,1612914885
272,olafsvik,64.8945,-23.7142,28.58,94,100,20.65,IS,1612914885
273,bethel,41.3712,-73.414,26.01,91,100,4.16,US,1612914885
274,japura,-0.3167,102.35,74.89,90,98,1.97,ID,1612914885
275,ushtobe,45.2514,77.9838,10.31,96,93,3.42,KZ,1612914885
276,chapais,49.7834,-74.8492,6.8,85,90,4.61,CA,1612914886
277,mitzic,0.7821,11.549,70.05,98,100,2.91,GA,1612914886
278,tiksi,71.6872,128.8694,-15.32,81,100,1.72,RU,1612914886
279,denia,38.8408,0.1057,57.99,64,61,8.05,ES,1612914886
280,virginia beach,36.8529,-75.978,53.01,76,40,4.61,US,1612914671
281,caravelas,-17.7125,-39.2481,74.52,87,96,5.55,BR,1612914886
282,monroe,43.1501,-77.6831,24.01,79,75,5.75,US,1612914636
283,at-bashi,41.1702,75.8106,21.27,83,98,1.01,KG,1612914887
284,tessalit,20.1986,1.0114,65.77,20,0,9.73,ML,1612914887
285,puerto madryn,-42.7692,-65.0385,68.13,59,100,22.64,AR,1612914860
286,los llanos de aridane,28.6585,-17.9182,62.6,72,0,5.75,ES,1612914631
287,kimbe,-5.5502,150.1429,83.37,75,99,1.19,PG,1612914887
288,chadiza,-14.0678,32.4392,66.88,98,100,1.05,ZM,1612914887
289,palu,-0.8917,119.8707,82.49,64,23,1.99,ID,1612914887
290,leh,34.1667,77.5833,17.29,85,100,1.28,IN,1612914887
291,sakakah,29.9697,40.2064,55.4,62,0,4.61,SA,1612914888
292,hirara,24.8,125.2833,66.2,72,75,14.97,JP,1612914888
293,novopokrovka,49.8425,36.5477,26.6,93,90,11.18,UA,1612914888
294,heilbron,-27.2812,27.9709,61.56,88,14,6.8,ZA,1612914888
295,ust-kuyga,70.0167,135.6,-24.39,82,85,6.49,RU,1612914888
296,vaitape,-16.5167,-151.75,82.24,72,0,12.26,PF,1612914888
297,umm lajj,25.0213,37.2685,76.91,41,61,4.5,SA,1612914889
298,vostok,46.4856,135.8833,0.37,93,100,3.6,RU,1612914889
299,san ramon,37.7799,-121.978,62.01,44,75,9.22,US,1612914652
300,diapaga,12.0708,1.7889,74.16,15,0,6.49,BF,1612914889
301,mnogovershinnyy,53.9353,139.9242,2.39,94,74,7.85,RU,1612914889
302,auki,-8.7676,160.7034,82.83,79,15,10.0,SB,1612914889
303,guia lopes da laguna,-21.4578,-56.1142,73.36,68,87,5.03,BR,1612914889
304,boljevac,43.8303,21.9531,50.0,79,79,5.53,RS,1612914889
305,ambon,-3.6954,128.1814,82.4,83,20,5.75,ID,1612914890
306,zhigansk,66.7697,123.3711,-25.29,84,0,6.15,RU,1612914890
307,mana,5.6592,-53.7767,76.44,81,55,11.01,GF,1612914890
308,anloga,5.7947,0.8973,82.4,89,40,10.36,GH,1612914667
309,naze,28.3667,129.4833,57.2,72,75,4.61,JP,1612914728
310,kovylkino,54.0388,43.9139,6.31,94,100,11.1,RU,1612914890
311,krasnozerskoye,53.9828,79.2374,-7.47,90,100,11.07,RU,1612914890
312,enshi,30.3,109.4833,48.94,80,99,1.25,CN,1612914891
313,toora-khem,52.4675,96.11,11.43,91,100,2.77,RU,1612914891
314,wahiawa,21.5028,-158.0236,78.8,56,75,13.8,US,1612914891
315,cherskiy,68.75,161.3,-3.14,84,2,2.68,RU,1612914891
316,hambantota,6.1241,81.1185,73.58,74,74,17.6,LK,1612914891
317,guerrero negro,27.9769,-114.0611,63.73,62,29,12.97,MX,1612914250
318,pasni,25.2631,63.471,72.39,40,62,20.74,PK,1612914892
319,jiwani,25.05,61.7417,70.61,37,97,8.61,PK,1612914892
320,mackay,-21.15,149.2,84.2,65,40,13.8,AU,1612914892
321,saint-joseph,-21.3667,55.6167,78.8,65,0,2.3,RE,1612914892
322,dawlatabad,36.4141,64.9053,50.79,66,63,3.91,AF,1612914892
323,grimshaw,56.1834,-117.6027,-18.4,57,75,14.97,CA,1612914892
324,lompoc,34.6391,-120.4579,55.4,71,1,14.97,US,1612914892
325,seymchan,62.8833,152.4333,-3.26,88,95,10.33,RU,1612914893
326,makakilo city,21.3469,-158.0858,78.8,41,20,11.5,US,1612914893
327,vavuniya,8.7514,80.4971,64.76,95,80,2.68,LK,1612914893
328,tahoua,14.8888,5.2692,75.2,9,0,9.22,NE,1612914893
329,general roca,-39.0333,-67.5833,84.2,34,0,9.22,AR,1612914893
330,ishigaki,24.3448,124.1572,69.8,68,75,17.27,JP,1612914893
331,amuntai,-2.4177,115.2494,78.82,87,100,1.14,ID,1612914894
332,auray,47.6703,-2.9918,35.01,100,90,17.27,FR,1612914894
333,bandarbeyla,9.4942,50.8122,73.81,73,93,20.13,SO,1612914894
334,adrar,20.5022,-10.0711,63.45,25,56,9.01,MR,1612914894
335,noumea,-22.2763,166.4572,86.0,65,40,11.5,NC,1612914894
336,havoysund,70.9963,24.6622,21.2,86,75,12.66,NO,1612914894
337,paamiut,61.994,-49.6678,29.07,85,99,10.42,GL,1612914894
338,moanda,-1.5575,13.2178,69.87,95,99,3.47,GA,1612914894
339,kaura namoda,12.5898,6.5779,72.07,19,17,8.97,NG,1612914895
340,haimen,23.1935,116.6142,62.6,67,75,8.95,CN,1612914895
341,pangnirtung,66.1451,-65.7125,3.2,92,1,4.12,CA,1612914895
342,tromso,69.6496,18.957,21.2,93,40,5.75,NO,1612914735
343,mikhaylovka,50.06,43.2379,25.54,98,100,5.35,RU,1612914895
344,yaan,7.3833,8.5667,79.97,16,0,5.44,NG,1612914895
345,upata,8.0086,-62.3989,80.01,77,61,5.01,VE,1612914895
346,sol-iletsk,51.1631,54.9918,-6.83,89,88,7.65,RU,1612914896
347,hvide sande,56.0045,8.1294,24.01,84,100,4.0,DK,1612914896
348,coquimbo,-29.9533,-71.3436,62.6,82,40,10.36,CL,1612914896
349,fram,-26.9833,-55.8833,75.2,69,90,4.61,PY,1612914896
350,atambua,-9.1061,124.8925,78.55,83,100,2.51,ID,1612914896
351,yulara,-25.2406,130.9889,86.0,58,17,10.36,AU,1612914896
352,san policarpo,12.1791,125.5072,78.28,80,100,16.73,PH,1612914896
353,athabasca,54.7169,-113.2854,-13.0,63,100,17.27,CA,1612914897
354,bengkulu,-3.8004,102.2655,75.69,85,95,5.01,ID,1612914897
355,ahipara,-35.1667,173.1667,67.32,94,100,2.89,NZ,1612914897
356,ulaangom,49.9811,92.0667,6.37,84,35,2.91,MN,1612914897
357,emerald,-23.5333,148.1667,77.0,69,90,11.5,AU,1612914897
358,griffith,41.5284,-87.4237,15.8,53,1,4.74,US,1612914897
359,townsville,-19.25,146.8,80.6,94,75,9.22,AU,1612914897
360,geraldton,-28.7667,114.6,66.2,82,40,16.11,AU,1612914692
361,severo-kurilsk,50.6789,156.125,27.36,92,100,13.78,RU,1612914898
362,manzhouli,49.6,117.4333,8.04,92,70,4.59,CN,1612914898
363,bouna,9.2667,-3.0,79.11,17,1,2.17,CI,1612914898
364,kalachinsk,55.0529,74.5751,-13.9,89,99,9.51,RU,1612914898
365,zhireken,52.8249,117.3076,3.88,94,100,1.83,RU,1612914898
366,arti,56.4234,58.5328,-19.19,87,87,7.72,RU,1612914898
367,matadi,-5.8167,13.45,74.21,90,100,0.27,CD,1612914664
368,springfield,37.2153,-93.2982,23.0,93,90,10.36,US,1612914757
369,lebu,-37.6167,-73.65,62.24,80,3,11.3,CL,1612914899
370,valparaiso,-33.0393,-71.6273,68.0,73,0,6.91,CL,1612914899
371,kewanee,41.2456,-89.9248,3.0,61,69,4.54,US,1612914899
372,marawi,7.9986,124.2928,75.99,91,46,5.99,PH,1612914899
373,portland,45.5234,-122.6762,46.99,53,20,4.61,US,1612914782
374,christchurch,-43.5333,172.6333,71.01,68,60,8.05,NZ,1612914899
375,waycross,31.2136,-82.354,62.6,94,90,2.57,US,1612914899
376,ossora,59.2353,163.0719,29.01,97,100,42.7,RU,1612914899
377,nelson bay,-32.7167,152.15,66.99,88,90,3.44,AU,1612914900
378,samarai,-10.6167,150.6667,85.05,66,100,4.05,PG,1612914900
379,sechura,-5.5569,-80.8222,77.99,69,29,14.52,PE,1612914900
380,zyryanovsk,49.7386,84.2719,-8.34,85,76,2.19,KZ,1612914605
381,meulaboh,4.1363,96.1285,77.41,84,42,3.96,ID,1612914900
382,corrales,35.2378,-106.6067,63.0,9,1,14.97,US,1612914900
383,shorewood,41.52,-88.2017,8.6,61,1,3.44,US,1612914842
384,kendari,-3.945,122.4989,81.21,83,28,2.08,ID,1612914900
385,maragogi,-9.0122,-35.2225,78.4,77,27,6.02,BR,1612914901
386,vao,-22.6667,167.4833,77.95,82,8,10.31,NC,1612914901
387,narnaul,28.0444,76.1083,57.83,45,100,3.85,IN,1612914901
388,torbay,47.6666,-52.7314,30.99,86,90,27.63,CA,1612914901
389,cravo norte,6.3017,-70.2041,88.86,41,96,8.9,CO,1612914901
390,camana,-16.6228,-72.7111,72.23,80,57,4.47,PE,1612914902
391,boa vista,2.8197,-60.6733,84.2,51,40,9.22,BR,1612914704
392,carndonagh,55.25,-7.2667,31.14,92,50,10.89,IE,1612914903
393,fairbanks,64.8378,-147.7164,-16.6,58,1,4.29,US,1612914702
394,champerico,14.3,-91.9167,86.0,66,40,9.22,GT,1612914904
395,presov,49.1667,21.25,30.99,91,100,4.79,SK,1612914904
396,bealanana,-14.55,48.7333,65.41,92,100,0.56,MG,1612914904
397,eyl,7.9803,49.8164,72.45,66,94,15.37,SO,1612914904
398,batemans bay,-35.7167,150.1833,66.0,76,99,1.01,AU,1612914904
399,antalaha,-14.9003,50.2788,74.97,93,100,4.32,MG,1612914904
400,kudahuvadhoo,2.6708,72.8944,80.96,76,26,13.94,MV,1612914905
401,cairns,-16.9167,145.7667,86.0,74,31,5.75,AU,1612914795
402,muros,42.7762,-9.0603,52.0,79,93,7.0,ES,1612914905
403,santa cruz,-17.8,-63.1667,69.8,88,90,16.11,BO,1612914756
404,kyzyl-suu,42.3414,78.0056,34.74,83,98,7.43,KG,1612914905
405,fort nelson,58.8053,-122.7002,-11.2,53,75,9.22,CA,1612914905
406,mehamn,71.0357,27.8492,20.98,88,100,19.19,NO,1612914906
407,port said,31.2565,32.2841,62.6,88,0,4.61,EG,1612914906
408,banting,2.8167,101.5,78.8,88,20,3.44,MY,1612914659
409,poum,-20.2333,164.0167,80.69,70,0,12.15,NC,1612914906
410,ambovombe,-25.1667,46.0833,75.34,83,100,2.17,MG,1612914906
411,gairo,39.8497,9.5047,59.0,55,40,19.57,IT,1612914906
412,herat,34.5,62.0,45.99,56,0,4.54,AF,1612914906
413,ternate,0.8,127.4,82.45,75,98,3.87,ID,1612914907
414,hokitika,-42.7167,170.9667,58.44,75,59,11.45,NZ,1612914907
415,bonavista,48.6499,-53.1147,32.0,93,100,14.97,CA,1612914907
416,svetlogorsk,52.6333,29.7333,8.11,96,87,4.61,BY,1612914907
417,fortuna,40.5982,-124.1573,54.0,87,40,10.36,US,1612914907
418,maniitsoq,65.4167,-52.9,20.26,82,0,5.26,GL,1612914907
419,semnan,35.5729,53.3971,47.93,52,69,1.81,IR,1612914907
420,botwood,49.1499,-55.3482,25.0,90,100,3.0,CA,1612914908
421,show low,34.2542,-110.0298,51.8,17,1,11.5,US,1612914908
422,maarianhamina,60.0973,19.9348,-4.0,84,0,3.44,AX,1612914908
423,ukiah,39.1502,-123.2078,62.6,34,90,9.22,US,1612914738
424,palana,59.1167,159.9667,28.02,93,98,42.97,RU,1612914908
425,teya,60.3778,92.6267,-5.17,85,100,10.18,RU,1612914908
426,san patricio,28.017,-97.5169,73.4,78,20,17.27,US,1612914909
427,buchanan,5.8808,-10.0467,77.0,100,75,6.31,LR,1612914906
428,astoria,46.1879,-123.8313,44.6,57,1,8.05,US,1612914909
429,tadine,-21.55,167.8833,81.77,75,0,13.35,NC,1612914909
430,beeskow,52.1667,14.25,16.0,69,77,1.01,DE,1612914909
431,acari,-15.4311,-74.6158,73.71,72,48,4.27,PE,1612914909
432,garowe,8.4054,48.4845,63.77,69,96,7.83,SO,1612914909
433,natal,-5.795,-35.2094,82.4,78,40,11.5,BR,1612914855
434,doha,25.2867,51.5333,64.4,88,2,9.22,QA,1612914687
435,kaeo,-35.1,173.7833,72.0,92,100,4.0,NZ,1612914910
436,beyneu,45.3167,55.2,29.82,91,100,15.21,KZ,1612914910
437,gamboma,-1.8764,15.8644,75.63,78,99,4.47,CG,1612914910
438,ust-maya,60.4167,134.5333,-21.48,86,25,1.52,RU,1612914910
439,warman,52.3168,-106.5679,-14.01,70,75,23.02,CA,1612914910
440,lazaro cardenas,17.9583,-102.2,77.92,70,0,9.51,MX,1612914910
441,cheremnoye,53.1697,83.2133,-0.4,71,75,17.9,RU,1612914911
442,alice springs,-23.7,133.8833,86.0,62,40,6.91,AU,1612914911
443,evensk,61.95,159.2333,15.76,88,100,26.82,RU,1612914911
444,otane,-39.8833,176.6333,64.99,79,98,4.0,NZ,1612914911
445,raudeberg,61.9875,5.1352,27.0,63,16,9.22,NO,1612914911
446,victor harbor,-35.5667,138.6167,86.0,32,0,5.84,AU,1612914911
447,sandpoint,48.2766,-116.5533,24.8,36,75,4.63,US,1612914911
448,bintulu,3.1667,113.0333,78.8,94,40,2.3,MY,1612914625
449,torbat-e jam,35.244,60.6225,47.8,54,17,0.45,IR,1612914912
450,kholbon,51.8833,116.25,8.8,92,100,2.84,RU,1612914912
451,wamba,8.9333,8.6,75.2,18,29,4.61,NG,1612914912
452,kariba,-16.5167,28.8,70.74,95,100,3.38,ZW,1612914912
453,iaciara,-14.0958,-46.6317,69.85,93,14,1.99,BR,1612914912
454,oranjestad,12.524,-70.027,80.6,74,20,17.27,AW,1612914634
455,kruisfontein,-34.0033,24.7314,62.01,92,5,1.01,ZA,1612914912
456,leshukonskoye,64.8989,45.7622,-13.16,90,97,0.74,RU,1612914913
457,port augusta,-32.5,137.7667,89.01,39,0,2.3,AU,1612914913
458,mananara,-16.1667,49.7667,76.69,87,100,1.57,MG,1612914913
459,bud,39.447,-86.1758,24.01,78,100,6.22,US,1612914913
460,estelle,29.8458,-90.1067,70.0,78,75,5.75,US,1612914913
461,pacific grove,36.6177,-121.9166,55.99,76,1,4.61,US,1612914913
462,susanville,40.4163,-120.653,51.8,50,1,4.61,US,1612914913
463,oranjemund,-28.55,16.4333,63.52,82,0,10.54,NA,1612914913
464,manta,-0.95,-80.7333,77.0,94,75,4.61,EC,1612914914
465,touros,-5.1989,-35.4608,82.4,74,40,12.66,BR,1612914914
466,mosquera,4.7059,-74.2302,60.8,77,40,5.75,CO,1612914914
467,arkadak,51.9326,43.4978,8.65,95,100,12.3,RU,1612914914
468,waddan,29.1614,16.139,59.59,30,0,6.06,LY,1612914841
469,sfantu gheorghe,45.8667,25.7833,48.99,78,99,3.0,RO,1612914914
470,angermunde,53.015,13.9992,18.0,80,46,1.72,DE,1612914914
471,mubende,0.5606,31.39,67.15,78,83,1.72,UG,1612914915
472,kapit,2.0167,112.9333,75.54,93,98,0.25,MY,1612914915
473,kushikino,31.7167,130.2667,32.0,86,75,6.91,JP,1612914915
474,turayf,31.6725,38.6637,50.0,87,0,6.76,SA,1612914915
475,pindi gheb,33.2402,72.2661,55.56,44,0,2.55,PK,1612914915
476,beringovskiy,63.05,179.3167,-7.92,90,98,12.82,RU,1612914915
477,gao,16.6362,1.637,74.44,16,40,10.0,ML,1612914615
478,seoul,37.5683,126.9778,33.8,74,75,8.05,KR,1612914369
479,aklavik,68.2191,-135.0107,-32.8,75,0,1.14,CA,1612914915
480,kathu,7.9178,98.3332,77.0,88,20,4.61,TH,1612914916
481,mutis,6.2262,-77.4044,79.63,79,18,3.24,CO,1612914916
482,hovd,48.0056,91.6419,22.06,91,30,2.33,MN,1612914916
483,morristown,36.214,-83.2949,51.8,76,90,4.61,US,1612914916
484,gobabis,-22.45,18.9667,67.93,79,100,14.34,NA,1612914916
485,vanimo,-2.6741,141.3028,81.48,74,75,2.57,PG,1612914916
486,venado tuerto,-33.7456,-61.9688,68.0,51,56,8.99,AR,1612914916
487,scarborough,54.2797,-0.4044,32.0,60,87,8.99,GB,1612914916
488,izhma,65.0083,53.9113,-11.94,89,100,3.4,RU,1612914917
489,mao,39.8885,4.2658,57.2,94,40,16.11,ES,1612914917
490,tambopata,-12.7333,-69.1833,76.3,94,100,0.6,PE,1612914917
491,savannah bight,16.45,-85.85,82.4,74,20,3.44,HN,1612914917
492,taranagar,28.6709,75.0351,63.16,29,36,4.18,IN,1612914917
493,watsa,3.0372,29.5355,66.24,38,69,3.36,CD,1612914917
494,bundaberg,-24.85,152.35,78.8,50,17,12.66,AU,1612914917
495,jacareacanga,-6.2222,-57.7528,74.55,96,96,2.24,BR,1612914917
496,bertoua,4.5833,13.6833,65.73,27,62,2.46,CM,1612914918
497,alta floresta,-9.8756,-56.0861,73.09,95,100,3.22,BR,1612914918
498,son la,21.3167,103.9,49.68,95,40,0.54,VN,1612914918
499,udachnyy,66.4167,112.4,-25.37,82,46,6.62,RU,1612914918
500,cozumel,20.5083,-86.9458,80.6,78,75,10.36,MX,1612914918
501,souillac,-20.5167,57.5167,77.0,83,40,8.88,MU,1612914918
502,zmiyiv,49.6966,36.3611,26.6,93,90,11.18,UA,1612914918
503,clemson,34.6834,-82.8374,62.6,55,1,3.44,US,1612914687
504,saint-louis,16.3333,-15.0,77.0,36,0,2.3,SN,1612914919
505,moron,-34.6534,-58.6198,71.01,74,37,8.99,AR,1612914686
506,antananarivo,-18.9137,47.5361,64.4,100,40,2.3,MG,1612914919
507,keuruu,62.2667,24.7,12.99,85,90,4.61,FI,1612914919
508,arrecife,28.963,-13.5477,60.8,88,20,5.75,ES,1612914919
509,deputatskiy,69.3,139.9,-25.33,88,27,2.21,RU,1612914919
510,morgan city,29.6994,-91.2068,71.6,68,20,9.22,US,1612914919
511,torit,4.4133,32.5678,78.62,46,76,3.98,SS,1612914919
512,wuwei,37.9281,102.6414,37.0,35,1,2.57,CN,1612914920
513,bilma,18.6853,12.9164,67.23,21,17,8.01,NE,1612914920
514,kiama,-34.6833,150.8667,72.0,89,97,1.01,AU,1612914920
515,port macquarie,-31.4333,152.9167,69.01,100,90,8.05,AU,1612914920
516,kavaratti,10.5669,72.642,80.83,68,0,9.22,IN,1612914914
517,seoni malwa,22.45,77.4667,57.11,35,10,2.84,IN,1612914920
518,quilmana,-12.95,-76.3833,71.67,77,22,3.71,PE,1612914920
519,korla,41.7597,86.1469,28.78,84,36,5.66,CN,1612914920
520,jalostotitlan,21.2,-102.4667,78.8,10,1,11.5,MX,1612914921
521,dumas,35.8656,-101.9732,21.2,93,90,4.61,US,1612914921
522,santa vitoria do palmar,-33.5189,-53.3681,67.73,88,0,6.11,BR,1612914921
523,jizan,17.3333,42.6667,75.2,83,0,1.54,SA,1612914921
524,igrim,63.1906,64.4162,-27.33,85,45,3.62,RU,1612914921
525,agua verde,22.9,-106.05,75.2,46,1,12.66,MX,1612914921
526,imeni babushkina,59.7573,43.1285,-8.72,90,78,2.53,RU,1612914921
527,nantucket,41.2835,-70.0995,35.01,100,90,9.22,US,1612914921
528,sharjah,25.3573,55.4033,69.8,94,90,4.61,AE,1612914810
529,shediac,46.2198,-64.5411,17.6,57,75,14.97,CA,1612914922
530,berdigestyakh,62.0989,126.6992,-20.16,86,25,6.38,RU,1612914922
531,bambanglipuro,-7.95,110.2833,78.19,83,100,2.91,ID,1612914922
532,nimaparha,20.0667,86.0167,60.8,88,8,3.96,IN,1612914922
533,viloco,-16.95,-67.55,47.21,87,76,6.35,BO,1612914922
534,nueve de julio,-35.4444,-60.8831,71.01,63,1,1.99,AR,1612914922
